{
  "version": 1,
  "author": "CSU23021 Faith Olopade",
  "editor": "wokwi",
  "parts": [
    {
      "type": "wokwi-pi-pico",
      "id": "pico",
      "top": 0,
      "left": 0,
      "attrs": { "env": "arduino-community" }
    },
    {
      "type": "wokwi-pushbutton",
      "id": "btn1",
      "top": 246.62,
      "left": 11.5,
      "attrs": { "color": "green" }
    },
    {
      "type": "wokwi-resistor",
      "id": "r1",
      "top": 85.62,
      "left": 106.96,
      "rotate": 90,
      "attrs": { "value": "1000" }
    }
  ],
  "connections": [
    [ "pico:GP0", "$serialMonitor:RX", "", [] ],
    [ "pico:GP1", "$serialMonitor:TX", "", [] ],
    [ "pico:3V3", "r1:1", "red", [ "h0" ] ],
    [ "pico:GND.6", "btn1:2.r", "black", [ "h117", "v150.28", "h-110.5" ] ],
    [ "pico:GP21", "r1:2", "orange", [ "h0" ] ],
    [ "r1:2", "btn1:1.r", "orange", [ "h-0.61", "v110.9" ] ]
  ],
  "dependencies": {}
}